"Operator","Python","JavaScript","TypeScript","Java","C","C++","C#","Rust","Zig","Ruby","PHP","Swift","Kotlin","Go","Perl","Lua","Shell Script","Bash","PowerShell","R","Objective-C","Dart","Scala","Groovy","Visual Basic","MATLAB","Julia","F#","Scheme","Haskell","Erlang","Elixir","Prolog","Fortran","Pascal","Turbo Pascal","Delphi","Ada","Tcl","SQL","ActionScript","VBScript","ColdFusion","Smalltalk","Apex","Assembly (x86)","Assembly (ARM)","Assembly (MIPS)","Assembly (RISC-V)","Nim","D","V","Forth","Modula-2","Modula-3","Oberon","PL/SQL","PL/I","J","K","APL","X10","Chapel","Crystal","Eiffel","Mercury","OCaml","Pike","Hack","Id","JScript","PostScript","RPG","Sed","AWK","Tcl","Io","Rebol","SML","Simula","ALGOL","CLIPS","ABC","QBasic","BBC Basic","XBase","Harbour","Clarion","Falcon","Icon","Inform","ISLISP","LiveCode","Magik","MQL4","MQL5","OpenCL","OpenEdge ABL","PowerBuilder","Q","Racket","Ring","Solidity","SuperCollider","VHDL","Verilog","SystemVerilog","TeX","Description"
"+","Yes","Yes","Yes","Yes","Yes","Yes","Yes","Yes","Yes","Yes","Yes","Yes","Yes","Yes","Yes","Yes","Yes","Yes","Yes","Yes","Yes","Yes","Yes","Yes","Yes","Yes","Yes","Yes","Yes","Yes","Yes","Yes","Yes","Yes","Yes","Yes","Yes","Yes","Yes","Yes","Yes","Yes","Yes","Yes","Yes","Yes","Yes","Yes","Yes","Yes","Yes","Yes","Yes","Yes","Yes","Yes","Yes","Yes","Yes","Yes","Yes","Yes","Yes","Yes","Yes","Yes","Yes","Yes","Yes","Yes","Yes","Yes","Yes","Yes","Yes","Yes","Yes","Yes","Yes","Yes","Yes","Yes","Yes","Yes","Yes","Yes","Yes","Yes","Yes","Yes","Yes","Yes","Yes","Yes","Yes","Yes","Yes","Yes","Yes","Yes","Yes","Yes","Yes","Yes","Yes","Yes","Yes","+","Addition or string concatenation"
"-","Yes","Yes","Yes","Yes","Yes","Yes","Yes","Yes","Yes","Yes","Yes","Yes","Yes","Yes","Yes","Yes","Yes","Yes","Yes","Yes","Yes","Yes","Yes","Yes","Yes","Yes","Yes","Yes","Yes","Yes","Yes","Yes","Yes","Yes","Yes","Yes","Yes","Yes","Yes","Yes","Yes","Yes","Yes","Yes","Yes","Yes","Yes","Yes","Yes","Yes","Yes","Yes","Yes","Yes","Yes","Yes","Yes","Yes","Yes","Yes","Yes","Yes","Yes","Yes","Yes","Yes","Yes","Yes","Yes","Yes","Yes","Yes","Yes","Yes","Yes","Yes","Yes","Yes","Yes","Yes","Yes","Yes","Yes","Yes","Yes","Yes","Yes","Yes","Yes","Yes","Yes","Yes","Yes","Yes","Yes","Yes","Yes","Yes","Yes","Yes","Yes","Yes","Yes","Yes","Yes","Yes","Yes","-","Subtraction or unary negation"
"*","Yes","Yes","Yes","Yes","Yes","Yes","Yes","Yes","Yes","Yes","Yes","Yes","Yes","Yes","Yes","Yes","Yes","Yes","Yes","Yes","Yes","Yes","Yes","Yes","Yes","Yes","Yes","Yes","Yes","Yes","Yes","Yes","Yes","Yes","Yes","Yes","Yes","Yes","Yes","Yes","Yes","Yes","Yes","Yes","Yes","Yes","Yes","Yes","Yes","Yes","Yes","Yes","Yes","Yes","Yes","Yes","Yes","Yes","Yes","Yes","Yes","Yes","Yes","Yes","Yes","Yes","Yes","Yes","Yes","Yes","Yes","Yes","Yes","Yes","Yes","Yes","Yes","Yes","Yes","Yes","Yes","Yes","Yes","Yes","Yes","Yes","Yes","Yes","Yes","Yes","Yes","Yes","Yes","Yes","Yes","Yes","Yes","Yes","Yes","Yes","Yes","Yes","Yes","Yes","Yes","Yes","Yes","\\times","Multiplication"
"/","Yes","Yes","Yes","Yes","Yes","Yes","Yes","Yes","Yes","Yes","Yes","Yes","Yes","Yes","Yes","Yes","Yes","Yes","Yes","Yes","Yes","Yes","Yes","Yes","Yes","Yes","Yes","Yes","Yes","Yes","Yes","Yes","Yes","Yes","Yes","Yes","Yes","Yes","Yes","Yes","Yes","Yes","Yes","Yes","Yes","Yes","Yes","Yes","Yes","Yes","Yes","Yes","Yes","Yes","Yes","Yes","Yes","Yes","Yes","Yes","Yes","Yes","Yes","Yes","Yes","Yes","Yes","Yes","Yes","Yes","Yes","Yes","Yes","Yes","Yes","Yes","Yes","Yes","Yes","Yes","Yes","Yes","Yes","Yes","Yes","Yes","Yes","Yes","Yes","Yes","Yes","Yes","Yes","Yes","Yes","Yes","Yes","Yes","Yes","Yes","Yes","Yes","Yes","Yes","Yes","Yes","Yes","\\div","Division"
"%","Yes","Yes","Yes","Yes","Yes","Yes","Yes","Yes","Yes","Yes","Yes","Yes","Yes","Yes","Yes","Yes","No","Yes","Yes","Yes","Yes","Yes","Yes","Yes","Yes","No","Yes","Yes","Yes","Yes","Yes","Yes","Yes","Yes","Yes","Yes","Yes","Yes","Yes","No","Yes","Yes","Yes","Yes","Yes","Yes","Yes","Yes","Yes","Yes","Yes","Yes","Yes","Yes","Yes","Yes","Yes","Yes","Yes","Yes","Yes","Yes","Yes","Yes","Yes","Yes","Yes","Yes","Yes","Yes","Yes","Yes","Yes","No","Yes","Yes","Yes","Yes","Yes","Yes","Yes","Yes","Yes","Yes","Yes","Yes","Yes","Yes","Yes","Yes","Yes","Yes","Yes","Yes","Yes","Yes","Yes","Yes","Yes","Yes","Yes","Yes","Yes","Yes","Yes","Yes","Yes","\\mod","Modulus"
"**","Yes","Yes (ES6+)","Yes (ES6+)","No","No","No","Yes","No","No","Yes","Yes (PHP 5.6+)","No","Yes","Yes (math.Pow)","Yes (**)","Yes (^)","No","No","Yes","No","No","Yes","Yes","Yes","No","No","Yes","Yes","No","Yes","No","Yes","No","No","No","No","No","No","No","No","No","No","No","No","No","No","No","No","No","Yes","Yes","No","No","No","No","No","No","No","Yes","Yes","Yes","No","No","Yes","No","No","Yes","No","Yes","No","No","No","No","No","No","No","Yes","No","Yes","No","No","No","No","No","No","No","No","No","No","No","No","No","No","No","No","No","No","No","No","Yes","Yes","No","Yes","Yes","No","No","No","^","Exponentiation"
"++","No","Yes","Yes","Yes","Yes","Yes","Yes","No","Yes","Yes","Yes","No","Yes","Yes","Yes","No","No","No","No","No","Yes","Yes","Yes","Yes","No","No","No","Yes","No","No","No","No","No","No","Yes","Yes","Yes","Yes","No","No","Yes","No","No","No","Yes","Yes","Yes","Yes","Yes","Yes","Yes","No","Yes","Yes","Yes","Yes","No","No","No","No","No","Yes","Yes","Yes","Yes","Yes","Yes","Yes","Yes","Yes","Yes","No","Yes","No","No","No","Yes","No","Yes","Yes","Yes","No","No","No","No","Yes","Yes","Yes","Yes","Yes","Yes","Yes","Yes","Yes","Yes","Yes","Yes","Yes","Yes","No","Yes","Yes","Yes","Yes","Yes","Yes","Yes","+1","Increment"
"--","No","Yes","Yes","Yes","Yes","Yes","Yes","No","Yes","Yes","Yes","No","Yes","Yes","Yes","No","No","No","No","No","Yes","Yes","Yes","Yes","No","No","No","Yes","No","No","No","No","No","No","Yes","Yes","Yes","Yes","No","No","Yes","No","No","No","Yes","Yes","Yes","Yes","Yes","Yes","Yes","No","Yes","Yes","Yes","Yes","No","No","No","No","No","Yes","Yes","Yes","Yes","Yes","Yes","Yes","Yes","Yes","Yes","No","Yes","No","No","No","Yes","No","Yes","Yes","Yes","No","No","No","No","Yes","Yes","Yes","Yes","Yes","Yes","Yes","Yes","Yes","Yes","Yes","Yes","Yes","Yes","No","Yes","Yes","Yes","Yes","Yes","Yes","Yes","-1","Decrement"
"=","Yes","Yes","Yes","Yes","Yes","Yes","Yes","Yes","Yes","Yes","Yes","Yes","Yes","Yes","Yes","Yes","Yes","Yes","Yes","Yes","Yes","Yes","Yes","Yes","Yes","Yes","Yes","Yes","Yes","Yes","Yes","Yes","Yes","Yes","Yes","Yes","Yes","Yes","Yes","Yes","Yes","Yes","Yes","Yes","Yes","Yes","Yes","Yes","Yes","Yes","Yes","Yes","Yes","Yes","Yes","Yes","Yes","Yes","Yes","Yes","Yes","Yes","Yes","Yes","Yes","Yes","Yes","Yes","Yes","Yes","Yes","Yes","Yes","Yes","Yes","Yes","Yes","Yes","Yes","Yes","Yes","Yes","Yes","Yes","Yes","Yes","Yes","Yes","Yes","Yes","Yes","Yes","Yes","Yes","Yes","Yes","Yes","Yes","Yes","Yes","Yes","Yes","Yes","Yes","Yes","Yes","Yes","=","Assignment"
"+=","Yes","Yes","Yes","Yes","Yes","Yes","Yes","Yes","Yes","Yes","Yes","Yes","Yes","Yes","Yes","No","No","No","Yes","Yes","Yes","Yes","Yes","Yes","Yes","No","Yes","Yes","No","No","No","Yes","No","No","Yes","Yes","Yes","Yes","Yes","No","Yes","Yes","Yes","No","Yes","Yes","Yes","Yes","Yes","Yes","Yes","No","Yes","Yes","Yes","Yes","No","No","No","No","No","Yes","Yes","Yes","Yes","Yes","Yes","Yes","Yes","Yes","Yes","No","Yes","No","No","Yes","Yes","No","Yes","Yes","Yes","No","No","Yes","Yes","Yes","Yes","Yes","Yes","Yes","Yes","Yes","Yes","Yes","Yes","Yes","Yes","Yes","Yes","No","Yes","Yes","Yes","Yes","Yes","Yes","Yes","+= ","Addition assignment"
"-=","Yes","Yes","Yes","Yes","Yes","Yes","Yes","Yes","Yes","Yes","Yes","Yes","Yes","Yes","Yes","No","No","No","Yes","Yes","Yes","Yes","Yes","Yes","Yes","No","Yes","Yes","No","No","No","Yes","No","No","Yes","Yes","Yes","Yes","Yes","No","Yes","Yes","Yes","No","Yes","Yes","Yes","Yes","Yes","Yes","Yes","No","Yes","Yes","Yes","Yes","No","No","No","No","No","Yes","Yes","Yes","Yes","Yes","Yes","Yes","Yes","Yes","Yes","No","Yes","No","No","Yes","Yes","No","Yes","Yes","Yes","No","No","Yes","Yes","Yes","Yes","Yes","Yes","Yes","Yes","Yes","Yes","Yes","Yes","Yes","Yes","Yes","Yes","No","Yes","Yes","Yes","Yes","Yes","Yes","Yes","-= ","Subtraction assignment"
"*=","Yes","Yes","Yes","Yes","Yes","Yes","Yes","Yes","Yes","Yes","Yes","Yes","Yes","Yes","Yes","No","No","No","Yes","Yes","Yes","Yes","Yes","Yes","Yes","No","Yes","Yes","No","No","No","Yes","No","No","Yes","Yes","Yes","Yes","Yes","No","Yes","Yes","Yes","No","Yes","Yes","Yes","Yes","Yes","Yes","Yes","No","Yes","Yes","Yes","Yes","No","No","No","No","No","Yes","Yes","Yes","Yes","Yes","Yes","Yes","Yes","Yes","Yes","No","Yes","No","No","Yes","Yes","No","Yes","Yes","Yes","No","No","Yes","Yes","Yes","Yes","Yes","Yes","Yes","Yes","Yes","Yes","Yes","Yes","Yes","Yes","Yes","Yes","No","Yes","Yes","Yes","Yes","Yes","Yes","Yes","\\times= ","Multiplication assignment"
"/=","Yes","Yes","Yes","Yes","Yes","Yes","Yes","Yes","Yes","Yes","Yes","Yes","Yes","Yes","Yes","No","No","No","Yes","Yes","Yes","Yes","Yes","Yes","Yes","No","Yes","Yes","No","No","No","Yes","No","No","Yes","Yes","Yes","Yes","Yes","No","Yes","Yes","Yes","No","Yes","Yes","Yes","Yes","Yes","Yes","Yes","No","Yes","Yes","Yes","Yes","No","No","No","No","No","Yes","Yes","Yes","Yes","Yes","Yes","Yes","Yes","Yes","Yes","No","Yes","No","No","Yes","Yes","No","Yes","Yes","Yes","No","No","Yes","Yes","Yes","Yes","Yes","Yes","Yes","Yes","Yes","Yes","Yes","Yes","Yes","Yes","Yes","Yes","No","Yes","Yes","Yes","Yes","Yes","Yes","Yes","\\div= ","Division assignment"
"%=","Yes","Yes","Yes","Yes","Yes","Yes","Yes","Yes","Yes","Yes","Yes","Yes","Yes","Yes","Yes","No","No","No","Yes","Yes","Yes","Yes","Yes","Yes","Yes","No","Yes","Yes","No","No","No","Yes","No","No","Yes","Yes","Yes","Yes","Yes","No","Yes","Yes","Yes","No","Yes","Yes","Yes","Yes","Yes","Yes","Yes","No","Yes","Yes","Yes","Yes","No","No","No","No","No","Yes","Yes","Yes","Yes","Yes","Yes","Yes","Yes","Yes","Yes","No","Yes","No","No","Yes","Yes","No","Yes","Yes","Yes","No","No","Yes","Yes","Yes","Yes","Yes","Yes","Yes","Yes","Yes","Yes","Yes","Yes","Yes","Yes","Yes","Yes","No","Yes","Yes","Yes","Yes","Yes","Yes","Yes","\\mod= ","Modulus assignment"
"**=","Yes","Yes (ES6+)","Yes (ES6+)","No","No","No","Yes","No","No","Yes","Yes (PHP 7+)","No","Yes","No","Yes","No","No","No","Yes","No","No","Yes","Yes","Yes","No","No","Yes","Yes","No","No","No","Yes","No","No","No","No","No","No","No","No","No","No","No","No","No","No","No","No","No","Yes","Yes","No","No","No","No","No","No","No","No","No","No","No","No","Yes","No","No","Yes","No","Yes","No","No","No","No","No","No","No","Yes","No","Yes","No","No","No","No","No","No","No","No","No","No","No","No","No","No","No","No","No","No","No","No","No","Yes","No","Yes","Yes","No","No","No","^= ","Exponentiation assignment"
"==","Yes","Yes","Yes","Yes","Yes","Yes","Yes","No","Yes","Yes","Yes","Yes (==)","Yes","Yes","Yes (==)","Yes","Yes","Yes (-eq)","Yes","Yes","Yes (=)","Yes","Yes","Yes","Yes","Yes","Yes","Yes","Yes","Yes","Yes","Yes","Yes","Yes","Yes","Yes","Yes","Yes","Yes","Yes","Yes","Yes","Yes","Yes","Yes","Yes","Yes","Yes","Yes","Yes","Yes","Yes","Yes","Yes","Yes","Yes","Yes","Yes","Yes","Yes","Yes","Yes","Yes","Yes","Yes","Yes","Yes","Yes","Yes","Yes","Yes","Yes","Yes","Yes","Yes","Yes","Yes","Yes","Yes","Yes","Yes","Yes","Yes","Yes","Yes","Yes","Yes","Yes","Yes","Yes","Yes","Yes","Yes","Yes","Yes","Yes","Yes","Yes","Yes","Yes","Yes","Yes","Yes","Yes","Yes","Yes","Yes","=","Loose equality"
"===","No","Yes","Yes","No","No","No","No","No","No","No","Yes (===)","No","No","No","No","No","No","No","No","No","No","No","No","No","No","No","No","No","No","No","No","No","No","No","No","No","No","No","No","No","Yes","No","No","No","No","No","No","No","No","No","No","No","No","No","No","No","No","No","No","No","No","No","No","No","No","No","No","No","Yes","No","Yes","No","No","No","No","No","No","No","No","No","No","No","No","No","No","No","No","No","No","No","No","No","No","No","No","No","No","No","No","No","No","No","No","No","No","No","No","\\equiv","Strict equality"
"!=","Yes","Yes","Yes","Yes","Yes","Yes","Yes","No","Yes","Yes","Yes","Yes (!=)","Yes","Yes","Yes (!=)","Yes (~=)","Yes","Yes (-ne)","Yes","Yes","Yes (<>)","Yes","Yes","Yes","Yes","Yes","Yes","Yes","Yes","Yes","Yes","Yes","Yes","Yes","Yes","Yes","Yes","Yes","Yes","Yes (<>)","Yes","Yes","Yes","Yes","Yes","Yes","Yes","Yes","Yes","Yes","Yes","Yes","Yes","Yes","Yes","Yes","Yes","Yes","Yes","Yes","Yes","Yes","Yes","Yes","Yes","Yes","Yes","Yes","Yes","Yes","Yes","Yes","Yes","Yes","Yes","Yes","Yes","Yes","Yes","Yes","Yes","Yes","Yes","Yes","Yes","Yes","Yes","Yes","Yes","Yes","Yes","Yes","Yes","Yes","Yes","Yes","Yes","Yes","Yes","Yes","Yes","Yes","Yes","Yes","Yes","Yes","Yes","\\neq","Loose inequality"
"!==","No","Yes","Yes","No","No","No","No","No","No","No","Yes (!==)","No","No","No","No","No","No","No","No","No","No","No","No","No","No","No","No","No","No","No","No","No","No","No","No","No","No","No","No","No","Yes","No","No","No","No","No","No","No","No","No","No","No","No","No","No","No","No","No","No","No","No","No","No","No","No","No","No","No","Yes","No","Yes","No","No","No","No","No","No","No","No","No","No","No","No","No","No","No","No","No","No","No","No","No","No","No","No","No","No","No","No","No","No","No","No","No","No","No","No","\\not\\equiv","Strict inequality"
">","Yes","Yes","Yes","Yes","Yes","Yes","Yes","Yes","Yes","Yes","Yes","Yes","Yes","Yes","Yes","Yes","Yes","Yes (-gt)","Yes","Yes","Yes","Yes","Yes","Yes","Yes","Yes","Yes","Yes","Yes","Yes","Yes","Yes","Yes","Yes","Yes","Yes","Yes","Yes","Yes","Yes","Yes","Yes","Yes","Yes","Yes","Yes","Yes","Yes","Yes","Yes","Yes","Yes","Yes","Yes","Yes","Yes","Yes","Yes","Yes","Yes","Yes","Yes","Yes","Yes","Yes","Yes","Yes","Yes","Yes","Yes","Yes","Yes","Yes","Yes","Yes","Yes","Yes","Yes","Yes","Yes","Yes","Yes","Yes","Yes","Yes","Yes","Yes","Yes","Yes","Yes","Yes","Yes","Yes","Yes","Yes","Yes","Yes","Yes","Yes","Yes","Yes","Yes","Yes","Yes","Yes","Yes","Yes",">","Greater than"
"<","Yes","Yes","Yes","Yes","Yes","Yes","Yes","Yes","Yes","Yes","Yes","Yes","Yes","Yes","Yes","Yes","Yes","Yes (-lt)","Yes","Yes","Yes","Yes","Yes","Yes","Yes","Yes","Yes","Yes","Yes","Yes","Yes","Yes","Yes","Yes","Yes","Yes","Yes","Yes","Yes","Yes","Yes","Yes","Yes","Yes","Yes","Yes","Yes","Yes","Yes","Yes","Yes","Yes","Yes","Yes","Yes","Yes","Yes","Yes","Yes","Yes","Yes","Yes","Yes","Yes","Yes","Yes","Yes","Yes","Yes","Yes","Yes","Yes","Yes","Yes","Yes","Yes","Yes","Yes","Yes","Yes","Yes","Yes","Yes","Yes","Yes","Yes","Yes","Yes","Yes","Yes","Yes","Yes","Yes","Yes","Yes","Yes","Yes","Yes","Yes","Yes","Yes","Yes","Yes","Yes","Yes","Yes","Yes","<","Less than"
">=","Yes","Yes","Yes","Yes","Yes","Yes","Yes","Yes","Yes","Yes","Yes","Yes","Yes","Yes","Yes","Yes","Yes","Yes (-ge)","Yes","Yes","Yes","Yes","Yes","Yes","Yes","Yes","Yes","Yes","Yes","Yes","Yes","Yes","Yes","Yes","Yes","Yes","Yes","Yes","Yes","Yes","Yes","Yes","Yes","Yes","Yes","Yes","Yes","Yes","Yes","Yes","Yes","Yes","Yes","Yes","Yes","Yes","Yes","Yes","Yes","Yes","Yes","Yes","Yes","Yes","Yes","Yes","Yes","Yes","Yes","Yes","Yes","Yes","Yes","Yes","Yes","Yes","Yes","Yes","Yes","Yes","Yes","Yes","Yes","Yes","Yes","Yes","Yes","Yes","Yes","Yes","Yes","Yes","Yes","Yes","Yes","Yes","Yes","Yes","Yes","Yes","Yes","Yes","Yes","Yes","Yes","Yes","Yes","\\geq","Greater than or equal"
"<=","Yes","Yes","Yes","Yes","Yes","Yes","Yes","Yes","Yes","Yes","Yes","Yes","Yes","Yes","Yes","Yes","Yes","Yes (-le)","Yes","Yes","Yes","Yes","Yes","Yes","Yes","Yes","Yes","Yes","Yes","Yes","Yes","Yes","Yes","Yes","Yes","Yes","Yes","Yes","Yes","Yes","Yes","Yes","Yes","Yes","Yes","Yes","Yes","Yes","Yes","Yes","Yes","Yes","Yes","Yes","Yes","Yes","Yes","Yes","Yes","Yes","Yes","Yes","Yes","Yes","Yes","Yes","Yes","Yes","Yes","Yes","Yes","Yes","Yes","Yes","Yes","Yes","Yes","Yes","Yes","Yes","Yes","Yes","Yes","Yes","Yes","Yes","Yes","Yes","Yes","Yes","Yes","Yes","Yes","Yes","Yes","Yes","Yes","Yes","Yes","Yes","Yes","Yes","Yes","Yes","Yes","Yes","Yes","\\leq","Less than or equal"
"&&","Yes","Yes","Yes","Yes","Yes","Yes","Yes","Yes (&)","Yes","Yes","Yes (&&)","Yes (&&)","Yes","Yes","Yes (&&)","Yes (and)","Yes","Yes","Yes (-a)","Yes","Yes","Yes","Yes","Yes","Yes","Yes","Yes","Yes","Yes","Yes","Yes","Yes","Yes","Yes","Yes","Yes","Yes","Yes","Yes","Yes (AND)","Yes","Yes (And)","Yes","Yes","Yes","Yes","Yes","Yes","Yes","Yes","Yes","Yes","Yes","Yes","Yes","Yes","Yes (AND)","Yes","Yes","Yes","Yes","Yes","Yes","Yes","Yes","Yes","Yes","Yes","Yes","Yes","Yes","Yes","Yes","Yes","Yes","Yes","Yes","Yes","Yes","Yes","Yes","Yes","Yes","Yes","Yes","Yes","Yes","Yes","Yes","Yes","Yes","Yes","Yes","Yes","Yes","Yes","Yes","Yes","Yes","Yes","Yes","Yes","Yes","Yes","Yes","Yes","Yes","\\land","Logical AND"
"||","Yes","Yes","Yes","Yes","Yes","Yes","Yes","Yes (|)","Yes","Yes","Yes (||)","Yes (||)","Yes","Yes (||)","Yes (or)","Yes","Yes","Yes (-o)","Yes","Yes","Yes","Yes","Yes","Yes","Yes","Yes","Yes","Yes","Yes","Yes","Yes","Yes","Yes","Yes","Yes","Yes","Yes","Yes","Yes","Yes (OR)","Yes","Yes (Or)","Yes","Yes","Yes","Yes","Yes","Yes","Yes","Yes","Yes","Yes","Yes","Yes","Yes","Yes","Yes (OR)","Yes","Yes","Yes","Yes","Yes","Yes","Yes","Yes","Yes","Yes","Yes","Yes","Yes","Yes","Yes","Yes","Yes","Yes","Yes","Yes","Yes","Yes","Yes","Yes","Yes","Yes","Yes","Yes","Yes","Yes","Yes","Yes","Yes","Yes","Yes","Yes","Yes","Yes","Yes","Yes","Yes","Yes","Yes","Yes","Yes","Yes","Yes","Yes","Yes","Yes","\\lor","Logical OR"
"!","Yes","Yes","Yes","Yes","Yes","Yes","Yes","Yes (!)","Yes","Yes","Yes (!)","Yes (!)","Yes","Yes (!)","Yes (!)","Yes (not)","Yes","Yes (!)","Yes (-not)","Yes","Yes","Yes","Yes","Yes","Yes","Yes","Yes","Yes","Yes","Yes","Yes","Yes","Yes","Yes","Yes","Yes","Yes","Yes","Yes","Yes (NOT)","Yes (NOT)","Yes (Not)","Yes","Yes","Yes","Yes","Yes","Yes","Yes","Yes","Yes","Yes","Yes","Yes","Yes","Yes","Yes (NOT)","Yes","Yes","Yes","Yes","Yes","Yes","Yes","Yes","Yes","Yes","Yes","Yes","Yes","Yes","Yes","Yes","Yes","Yes","Yes","Yes","Yes","Yes","Yes","Yes","Yes","Yes","Yes","Yes","Yes","Yes","Yes","Yes","Yes","Yes","Yes","Yes","Yes","Yes","Yes","Yes","Yes","Yes","Yes","Yes","Yes","Yes","Yes","Yes","Yes","Yes","\\neg","Logical NOT"
"and","Yes","No","No","No","No","No","No","No","No","Yes","Yes","No","No","No","Yes","Yes","Yes","Yes (-a)","Yes","Yes","No","No","No","No","Yes (And)","No","Yes","No","Yes","Yes","Yes","Yes","Yes","Yes","Yes","Yes","Yes","Yes","Yes","Yes (AND)","No","Yes (And)","Yes","Yes","No","No","No","No","No","Yes","Yes","Yes","Yes","Yes","Yes","Yes","Yes (AND)","Yes","Yes","Yes","Yes","Yes","Yes","Yes","Yes","Yes","Yes","Yes","Yes","Yes","Yes","Yes","Yes","Yes","Yes","Yes","Yes","Yes","Yes","Yes","Yes","Yes","Yes","Yes","Yes","Yes","Yes","Yes","Yes","Yes","Yes","Yes","Yes","Yes","Yes","Yes","Yes","Yes","Yes","Yes","Yes","Yes","Yes","Yes","Yes","Yes","Yes","\\land","Alternative logical AND"
"or","Yes","No","No","No","No","No","No","No","No","Yes","Yes","No","No","No","Yes","Yes","Yes","Yes (-o)","Yes","Yes","No","No","No","No","Yes (Or)","No","Yes","No","Yes","Yes","Yes","Yes","Yes","Yes","Yes","Yes","Yes","Yes","Yes","Yes (OR)","No","Yes (Or)","Yes","Yes","No","No","No","No","No","Yes","Yes","Yes","Yes","Yes","Yes","Yes","Yes (OR)","Yes","Yes","Yes","Yes","Yes","Yes","Yes","Yes","Yes","Yes","Yes","Yes","Yes","Yes","Yes","Yes","Yes","Yes","Yes","Yes","Yes","Yes","Yes","Yes","Yes","Yes","Yes","Yes","Yes","Yes","Yes","Yes","Yes","Yes","Yes","Yes","Yes","Yes","Yes","Yes","Yes","Yes","Yes","Yes","Yes","Yes","Yes","Yes","Yes","Yes","\\lor","Alternative logical OR"
"not","Yes","No","No","No","No","No","No","No","No","Yes","Yes","No","No","No","Yes","Yes","Yes","Yes (-not)","Yes","Yes","No","No","No","No","Yes (Not)","No","Yes","No","Yes","Yes","Yes","Yes","Yes","Yes","Yes","Yes","Yes","Yes","Yes","Yes (NOT)","No","Yes (Not)","Yes","Yes","No","No","No","No","No","Yes","Yes","Yes","Yes","Yes","Yes","Yes","Yes (NOT)","Yes","Yes","Yes","Yes","Yes","Yes","Yes","Yes","Yes","Yes","Yes","Yes","Yes","Yes","Yes","Yes","Yes","Yes","Yes","Yes","Yes","Yes","Yes","Yes","Yes","Yes","Yes","Yes","Yes","Yes","Yes","Yes","Yes","Yes","Yes","Yes","Yes","Yes","Yes","Yes","Yes","Yes","Yes","Yes","Yes","Yes","Yes","Yes","Yes","Yes","\\neg","Alternative logical NOT"
"xor","Yes","No","No","No","No","No","No","No","No","Yes","Yes (xor)","No","No","No","Yes (xor)","No","No","No","No","Yes","No","No","No","No","No","No","Yes","No","Yes","Yes","Yes","Yes","Yes","Yes","Yes","Yes","Yes","Yes","Yes","Yes (XOR)","No","No","Yes","Yes","No","No","No","No","No","Yes","Yes","Yes","Yes","Yes","Yes","Yes","Yes (XOR)","Yes","Yes","Yes","Yes","Yes","Yes","Yes","Yes","Yes","Yes","Yes","Yes","Yes","Yes","Yes","Yes","No","Yes","Yes","Yes","Yes","Yes","Yes","Yes","Yes","Yes","Yes","Yes","Yes","Yes","Yes","Yes","Yes","Yes","Yes","Yes","Yes","Yes","Yes","Yes","Yes","Yes","Yes","Yes","Yes","Yes","Yes","Yes","Yes","Yes","\\oplus","Logical XOR"
"??","No","Yes (ES2020+)","Yes (ES2020+)","No","No","No","Yes","No","No","No","Yes (PHP 7+)","Yes (??)","Yes","No","No","No","No","No","Yes","No","No","Yes","Yes","Yes","No","No","Yes","Yes","No","No","No","Yes","No","No","No","No","No","No","Yes","No","No","No","No","No","No","No","No","No","No","No","No","No","No","No","No","No","No","No","No","No","No","No","No","No","No","No","No","No","No","No","No","No","No","No","No","Yes","No","No","No","No","No","No","No","No","No","No","No","No","No","No","No","No","No","No","No","No","No","No","No","No","No","No","No","No","No","No","No","??","Nullish coalescing"
"?:","No","Yes","Yes","Yes","Yes","Yes","Yes","No","No","Yes","Yes","Yes","Yes","No","Yes (?:)","No","No","No","Yes","No","Yes","Yes","Yes","Yes","Yes","No","Yes","Yes","No","No","No","Yes","No","No","Yes","Yes","Yes","Yes","No","No","Yes","No","No","Yes","No","No","No","No","No","Yes","Yes","Yes","Yes","Yes","Yes","Yes","No","No","No","No","No","Yes","Yes","Yes","Yes","Yes","Yes","Yes","Yes","Yes","Yes","No","Yes","No","No","No","Yes","No","Yes","Yes","Yes","No","No","No","No","Yes","Yes","Yes","Yes","Yes","Yes","Yes","Yes","Yes","Yes","Yes","Yes","Yes","Yes","No","Yes","Yes","Yes","Yes","Yes","Yes","Yes","? :","Ternary conditional"
"&","Yes","Yes","Yes","Yes","Yes","Yes","Yes","Yes","Yes","Yes","Yes","Yes (&)","Yes","Yes (&)","Yes (&)","No","Yes","Yes (&)","Yes (-a)","Yes","Yes","Yes","Yes","Yes","Yes","Yes","Yes","Yes","Yes","Yes","Yes","Yes","Yes","Yes","Yes","Yes","Yes","Yes","Yes","No","Yes","Yes","Yes","Yes","Yes","Yes","Yes","Yes","Yes","Yes","Yes","Yes","Yes","Yes","Yes","Yes","Yes","Yes","Yes","Yes","Yes","Yes","Yes","Yes","Yes","Yes","Yes","Yes","Yes","Yes","Yes","Yes","Yes","Yes","Yes","Yes","Yes","Yes","Yes","Yes","Yes","Yes","Yes","Yes","Yes","Yes","Yes","Yes","Yes","Yes","Yes","Yes","Yes","Yes","Yes","Yes","Yes","Yes","Yes","Yes","Yes","Yes","Yes","Yes","Yes","Yes","Yes","\\land","Bitwise AND"
"|","Yes","Yes","Yes","Yes","Yes","Yes","Yes","Yes","Yes","Yes","Yes","Yes (|)","Yes","Yes (|)","Yes (|)","No","Yes","Yes (|)","Yes (-o)","Yes","Yes","Yes","Yes","Yes","Yes","Yes","Yes","Yes","Yes","Yes","Yes","Yes","Yes","Yes","Yes","Yes","Yes","Yes","Yes","No","Yes","Yes","Yes","Yes","Yes","Yes","Yes","Yes","Yes","Yes","Yes","Yes","Yes","Yes","Yes","Yes","Yes","Yes","Yes","Yes","Yes","Yes","Yes","Yes","Yes","Yes","Yes","Yes","Yes","Yes","Yes","Yes","Yes","Yes","Yes","Yes","Yes","Yes","Yes","Yes","Yes","Yes","Yes","Yes","Yes","Yes","Yes","Yes","Yes","Yes","Yes","Yes","Yes","Yes","Yes","Yes","Yes","Yes","Yes","Yes","Yes","Yes","Yes","Yes","Yes","Yes","Yes","\\lor","Bitwise OR"
"^","Yes","Yes","Yes","Yes","Yes","Yes","Yes","Yes","Yes","Yes","Yes","No","Yes","Yes (^)","Yes (^)","Yes","No","Yes (^)","No","Yes","Yes","Yes","Yes","Yes","Yes","Yes","Yes","Yes","Yes","Yes","Yes","Yes","No","Yes","Yes","Yes","Yes","Yes","Yes","No","Yes","No","Yes","Yes","Yes","Yes","Yes","Yes","Yes","Yes","Yes","Yes","Yes","Yes","Yes","Yes","Yes","Yes","Yes","Yes","Yes","Yes","Yes","Yes","Yes","Yes","Yes","Yes","Yes","Yes","Yes","Yes","Yes","No","Yes","Yes","Yes","Yes","Yes","Yes","Yes","Yes","Yes","Yes","Yes","Yes","Yes","Yes","Yes","Yes","Yes","Yes","Yes","Yes","Yes","Yes","Yes","Yes","Yes","Yes","Yes","Yes","Yes","Yes","Yes","Yes","Yes","\\oplus","Bitwise XOR"
"~","Yes","Yes","Yes","Yes","Yes","Yes","Yes","Yes (~)","Yes","Yes","Yes","Yes (~)","Yes","Yes (~)","Yes (~)","No","No","No","Yes","Yes","Yes","No","Yes","Yes","Yes","Yes","No","Yes","Yes","Yes","Yes","Yes","No","Yes","Yes","Yes","Yes","Yes","Yes","No","Yes","Yes","Yes","No","Yes","Yes","Yes","Yes","Yes","Yes","Yes","Yes","Yes","Yes","Yes","Yes","Yes","Yes","Yes","Yes","Yes","Yes","Yes","Yes","Yes","Yes","Yes","Yes","No","Yes","Yes","Yes","Yes","No","Yes","Yes","Yes","Yes","Yes","Yes","Yes","Yes","Yes","No","Yes","Yes","Yes","Yes","Yes","Yes","Yes","Yes","Yes","Yes","Yes","Yes","Yes","Yes","Yes","Yes","Yes","Yes","Yes","Yes","Yes","Yes","Yes","\\sim","Bitwise NOT"
"<<","Yes","Yes","Yes","Yes","Yes","Yes","Yes","Yes","Yes","Yes","Yes","Yes (<<)","Yes","Yes (<<)","Yes (<<)","No","No","No","Yes","Yes","Yes","Yes","Yes","Yes","Yes","No","Yes","Yes","No","No","No","No","No","Yes","Yes","Yes","Yes","Yes","Yes","No","Yes","Yes","Yes","No","Yes","Yes","Yes","Yes","Yes","Yes","Yes","Yes","Yes","Yes","Yes","Yes","Yes","Yes","Yes","Yes","Yes","Yes","Yes","Yes","Yes","Yes","Yes","Yes","No","Yes","Yes","Yes","Yes","No","Yes","Yes","Yes","Yes","Yes","Yes","Yes","Yes","Yes","Yes","Yes","Yes","Yes","Yes","Yes","Yes","Yes","Yes","Yes","Yes","Yes","Yes","Yes","Yes","Yes","Yes","Yes","Yes","Yes","Yes","Yes","Yes","Yes","\\ll","Bitwise left shift"
">>","Yes","Yes","Yes","Yes","Yes","Yes","Yes","Yes","Yes","Yes","Yes","Yes (>>)","Yes","Yes (>>)","Yes (>>)","No","No","No","Yes","Yes","Yes","Yes","Yes","Yes","Yes","No","Yes","Yes","No","No","No","No","No","Yes","Yes","Yes","Yes","Yes","Yes","No","Yes","Yes","Yes","No","Yes","Yes","Yes","Yes","Yes","Yes","Yes","Yes","Yes","Yes","Yes","Yes","Yes","Yes","Yes","Yes","Yes","Yes","Yes","Yes","Yes","Yes","Yes","Yes","No","Yes","Yes","Yes","Yes","No","Yes","Yes","Yes","Yes","Yes","Yes","Yes","Yes","Yes","Yes","Yes","Yes","Yes","Yes","Yes","Yes","Yes","Yes","Yes","Yes","Yes","Yes","Yes","Yes","Yes","Yes","Yes","Yes","Yes","Yes","Yes","Yes","Yes","\\gg","Bitwise right shift"
">>>","No","Yes","Yes","Yes","Yes","Yes","No","No","Yes","No","Yes","No","No","No","No","No","No","No","No","No","Yes","No","Yes","Yes","No","No","No","No","No","No","No","No","No","Yes","No","No","No","Yes","No","No","Yes","No","No","No","No","No","No","No","No","No","No","No","No","No","No","No","No","No","No","No","No","No","No","No","No","No","No","No","No","No","Yes","No","No","No","No","No","No","No","No","No","No","No","No","No","No","No","No","No","No","No","No","No","No","No","No","No","No","No","No","No","No","No","No","No","No","No","No","\\ggg","Bitwise unsigned right shift"
"sqrt","Yes (math.sqrt)","Yes (Math.sqrt)","Yes (Math.sqrt)","Yes (Math.sqrt)","Yes (sqrt)","Yes (sqrt)","Yes (Math.Sqrt)","Yes (f64::sqrt)","Yes (std.math.sqrt)","Yes (Math.sqrt)","Yes (sqrt)","Yes (sqrt)","Yes (sqrt)","Yes (math.Sqrt)","Yes (sqrt)","Yes (math.sqrt)","Yes (bc)","Yes (bc)","Yes (Math.Sqrt)","Yes (sqrt)","Yes (sqrt)","Yes (sqrt)","Yes (scala.math.sqrt)","Yes (Math.sqrt)","Yes (Math.Sqrt)","Yes (sqrt)","Yes (sqrt)","Yes (Math.Sqrt)","Yes (sqrt)","Yes (sqrt)","Yes (math:sqrt)","Yes (math:sqrt)","No","Yes (SQRT)","Yes (sqrt)","Yes (sqrt)","Yes (sqrt)","Yes (sqrt)","Yes (sqrt)","Yes (SQRT)","Yes (Math.sqrt)","Yes (Sqr)","Yes (sqrt)","Yes (sqrt)","Yes (Math.sqrt)","No","No","No","No","Yes (math.sqrt)","Yes (sqrt)","Yes (sqrt)","Yes (SQRT)","Yes (SQRT)","Yes (SQRT)","Yes (sqrt)","Yes (SQRT)","Yes (SQRT)","Yes (sqrt)","Yes (sqrt)","Yes (sqrt)","Yes (sqrt)","Yes (sqrt)","Yes (Math.sqrt)","Yes (sqrt)","Yes (sqrt)","Yes (sqrt)","Yes (sqrt)","Yes (sqrt)","Yes (sqrt)","Yes (Math.sqrt)","Yes (sqrt)","Yes (SQRT)","No","Yes (sqrt)","Yes (sqrt)","Yes (sqrt)","Yes (sqrt)","Yes (sqrt)","Yes (sqrt)","Yes (sqrt)","Yes (sqrt)","Yes (sqrt)","Yes (SQR)","Yes (SQR)","Yes (sqrt)","Yes (sqrt)","Yes (sqrt)","Yes (sqrt)","Yes (sqrt)","Yes (sqrt)","Yes (sqrt)","Yes (sqrt)","Yes (sqrt)","Yes (MathSqrt)","Yes (MathSqrt)","Yes (sqrt)","Yes (SQRT)","Yes (sqrt)","Yes (sqrt)","Yes (sqrt)","Yes (sqrt)","Yes (sqrt)","Yes (sqrt)","Yes (sqrt)","Yes (sqrt)","Yes (sqrt)","\\sqrt","Square root"
"sin","Yes (math.sin)","Yes (Math.sin)","Yes (Math.sin)","Yes (Math.sin)","Yes (sin)","Yes (sin)","Yes (Math.Sin)","Yes (f64::sin)","Yes (std.math.sin)","Yes (Math.sin)","Yes (sin)","Yes (sin)","Yes (sin)","Yes (math.Sin)","Yes (sin)","Yes (math.sin)","Yes (bc)","Yes (bc)","Yes (Math.Sin)","Yes (sin)","Yes (sin)","Yes (sin)","Yes (scala.math.sin)","Yes (Math.sin)","Yes (Math.Sin)","Yes (sin)","Yes (sin)","Yes (Math.Sin)","Yes (sin)","Yes (sin)","Yes (math:sin)","Yes (math:sin)","No","Yes (SIN)","Yes (sin)","Yes (sin)","Yes (sin)","Yes (sin)","Yes (sin)","Yes (SIN)","Yes (Math.sin)","Yes (Sin)","Yes (sin)","Yes (sin)","Yes (Math.sin)","No","No","No","No","Yes (math.sin)","Yes (sin)","Yes (sin)","Yes (SIN)","Yes (SIN)","Yes (SIN)","Yes (sin)","Yes (SIN)","Yes (SIN)","Yes (sin)","Yes (sin)","Yes (sin)","Yes (sin)","Yes (sin)","Yes (Math.sin)","Yes (sin)","Yes (sin)","Yes (sin)","Yes (sin)","Yes (sin)","Yes (sin)","Yes (Math.sin)","Yes (sin)","Yes (SIN)","No","Yes (sin)","Yes (sin)","Yes (sin)","Yes (sin)","Yes (sin)","Yes (sin)","Yes (sin)","Yes (sin)","Yes (sin)","Yes (SIN)","Yes (SIN)","Yes (sin)","Yes (sin)","Yes (sin)","Yes (sin)","Yes (sin)","Yes (sin)","Yes (sin)","Yes (sin)","Yes (sin)","Yes (MathSin)","Yes (MathSin)","Yes (sin)","Yes (SIN)","Yes (sin)","Yes (sin)","Yes (sin)","Yes (sin)","Yes (sin)","Yes (sin)","Yes (sin)","Yes (sin)","Yes (sin)","\\sin","Sine"
"cos","Yes (math.cos)","Yes (Math.cos)","Yes (Math.cos)","Yes (Math.cos)","Yes (cos)","Yes (cos)","Yes (Math.Cos)","Yes (f64::cos)","Yes (std.math.cos)","Yes (Math.cos)","Yes (cos)","Yes (cos)","Yes (cos)","Yes (math.Cos)","Yes (cos)","Yes (math.cos)","Yes (bc)","Yes (bc)","Yes (Math.Cos)","Yes (cos)","Yes (cos)","Yes (cos)","Yes (scala.math.cos)","Yes (Math.cos)","Yes (Math.Cos)","Yes (cos)","Yes (cos)","Yes (Math.Cos)","Yes (cos)","Yes (cos)","Yes (math:cos)","Yes (math:cos)","No","Yes (COS)","Yes (cos)","Yes (cos)","Yes (cos)","Yes (cos)","Yes (cos)","Yes (COS)","Yes (Math.cos)","Yes (Cos)","Yes (cos)","Yes (cos)","Yes (Math.cos)","No","No","No","No","Yes (math.cos)","Yes (cos)","Yes (cos)","Yes (COS)","Yes (COS)","Yes (COS)","Yes (cos)","Yes (COS)","Yes (COS)","Yes (cos)","Yes (cos)","Yes (cos)","Yes (cos)","Yes (cos)","Yes (Math.cos)","Yes (cos)","Yes (cos)","Yes (cos)","Yes (cos)","Yes (cos)","Yes (cos)","Yes (Math.cos)","Yes (cos)","Yes (COS)","No","Yes (cos)","Yes (cos)","Yes (cos)","Yes (cos)","Yes (cos)","Yes (cos)","Yes (cos)","Yes (cos)","Yes (cos)","Yes (COS)","Yes (COS)","Yes (cos)","Yes (cos)","Yes (cos)","Yes (cos)","Yes (cos)","Yes (cos)","Yes (cos)","Yes (cos)","Yes (cos)","Yes (MathCos)","Yes (MathCos)","Yes (cos)","Yes (COS)","Yes (cos)","Yes (cos)","Yes (cos)","Yes (cos)","Yes (cos)","Yes (cos)","Yes (cos)","Yes (cos)","Yes (cos)","\\cos","Cosine"
"tan","Yes (math.tan)","Yes (Math.tan)","Yes (Math.tan)","Yes (Math.tan)","Yes (tan)","Yes (tan)","Yes (Math.Tan)","Yes (f64::tan)","Yes (std.math.tan)","Yes (Math.tan)","Yes (tan)","Yes (tan)","Yes (tan)","Yes (math.Tan)","Yes (tan)","Yes (math.tan)","Yes (bc)","Yes (bc)","Yes (Math.Tan)","Yes (tan)","Yes (tan)","Yes (tan)","Yes (scala.math.tan)","Yes (Math.tan)","Yes (Math.Tan)","Yes (tan)","Yes (tan)","Yes (Math.Tan)","Yes (tan)","Yes (tan)","Yes (math:tan)","Yes (math:tan)","No","Yes (TAN)","Yes (tan)","Yes (tan)","Yes (tan)","Yes (tan)","Yes (tan)","Yes (TAN)","Yes (Math.tan)","Yes (Tan)","Yes (tan)","Yes (tan)","Yes (Math.tan)","No","No","No","No","Yes (math.tan)","Yes (tan)","Yes (tan)","Yes (TAN)","Yes (TAN)","Yes (TAN)","Yes (tan)","Yes (TAN)","Yes (TAN)","Yes (tan)","Yes (tan)","Yes (tan)","Yes (tan)","Yes (tan)","Yes (Math.tan)","Yes (tan)","Yes (tan)","Yes (tan)","Yes (tan)","Yes (tan)","Yes (tan)","Yes (Math.tan)","Yes (tan)","Yes (TAN)","No","Yes (tan)","Yes (tan)","Yes (tan)","Yes (tan)","Yes (tan)","Yes (tan)","Yes (tan)","Yes (tan)","Yes (tan)","Yes (TAN)","Yes (TAN)","Yes (tan)","Yes (tan)","Yes (tan)","Yes (tan)","Yes (tan)","Yes (tan)","Yes (tan)","Yes (tan)","Yes (tan)","Yes (MathTan)","Yes (MathTan)","Yes (tan)","Yes (TAN)","Yes (tan)","Yes (tan)","Yes (tan)","Yes (tan)","Yes (tan)","Yes (tan)","Yes (tan)","Yes (tan)","Yes (tan)","\\tan","Tangent"
"exp","Yes (math.exp)","Yes (Math.exp)","Yes (Math.exp)","Yes (Math.exp)","Yes (exp)","Yes (exp)","Yes (Math.Exp)","Yes (f64::exp)","Yes (std.math.exp)","Yes (Math.exp)","Yes (exp)","Yes (exp)","Yes (exp)","Yes (math.Exp)","Yes (exp)","Yes (math.exp)","Yes (bc)","Yes (bc)","Yes (Math.Exp)","Yes (exp)","Yes (exp)","Yes (exp)","Yes (scala.math.exp)","Yes (Math.exp)","Yes (Math.Exp)","Yes (exp)","Yes (exp)","Yes (Math.Exp)","Yes (exp)","Yes (exp)","Yes (math:exp)","Yes (math:exp)","No","Yes (EXP)","Yes (exp)","Yes (exp)","Yes (exp)","Yes (exp)","Yes (exp)","Yes (EXP)","Yes (Math.exp)","Yes (Exp)","Yes (exp)","Yes (exp)","Yes (Math.exp)","No","No","No","No","Yes (math.exp)","Yes (exp)","Yes (exp)","Yes (EXP)","Yes (EXP)","Yes (EXP)","Yes (exp)","Yes (EXP)","Yes (EXP)","Yes (exp)","Yes (exp)","Yes (exp)","Yes (exp)","Yes (exp)","Yes (Math.exp)","Yes (exp)","Yes (exp)","Yes (exp)","Yes (exp)","Yes (exp)","Yes (exp)","Yes (Math.exp)","Yes (exp)","Yes (EXP)","No","Yes (exp)","Yes (exp)","Yes (exp)","Yes (exp)","Yes (exp)","Yes (exp)","Yes (exp)","Yes (exp)","Yes (exp)","Yes (EXP)","Yes (EXP)","Yes (exp)","Yes (exp)","Yes (exp)","Yes (exp)","Yes (exp)","Yes (exp)","Yes (exp)","Yes (exp)","Yes (exp)","Yes (MathExp)","Yes (MathExp)","Yes (exp)","Yes (EXP)","Yes (exp)","Yes (exp)","Yes (exp)","Yes (exp)","Yes (exp)","Yes (exp)","Yes (exp)","Yes (exp)","Yes (exp)","\\exp","Exponential"
"log","Yes (math.log)","Yes (Math.log)","Yes (Math.log)","Yes (Math.log)","Yes (log)","Yes (log)","Yes (Math.Log)","Yes (f64::ln)","Yes (std.math.log)","Yes (Math.log)","Yes (log)","Yes (log)","Yes (log)","Yes (math.Log)","Yes (log)","Yes (math.log)","Yes (bc)","Yes (bc)","Yes (Math.Log)","Yes (log)","Yes (log)","Yes (log)","Yes (scala.math.log)","Yes (Math.log)","Yes (Math.Log)","Yes (log)","Yes (log)","Yes (Math.Log)","Yes (log)","Yes (log)","Yes (math:log)","Yes (math:log)","No","Yes (LOG)","Yes (log)","Yes (log)","Yes (log)","Yes (log)","Yes (log)","Yes (LN)","Yes (Math.log)","Yes (Log)","Yes (log)","Yes (log)","Yes (Math.log)","No","No","No","No","Yes (math.log)","Yes (log)","Yes (log)","Yes (LOG)","Yes (LOG)","Yes (LOG)","Yes (log)","Yes (LOG)","Yes (LOG)","Yes (log)","Yes (log)","Yes (ln)","Yes (log)","Yes (log)","Yes (Math.log)","Yes (ln)","Yes (log)","Yes (log)","Yes (log)","Yes (log)","Yes (log)","Yes (Math.log)","Yes (log)","Yes (LN)","No","Yes (log)","Yes (log)","Yes (log)","Yes (log)","Yes (log)","Yes (ln)","Yes (ln)","Yes (log)","Yes (ln)","Yes (LOG)","Yes (LOG)","Yes (log)","Yes (log)","Yes (log)","Yes (log)","Yes (log)","Yes (log)","Yes (log)","Yes (log)","Yes (log)","Yes (MathLog)","Yes (MathLog)","Yes (log)","Yes (LN)","Yes (log)","Yes (log)","Yes (log)","Yes (log)","Yes (log)","Yes (log)","Yes (log)","Yes (log)","Yes (log)","\\ln","Natural logarithm"
"log10","Yes (math.log10)","Yes (Math.log10)","Yes (Math.log10)","Yes (Math.log10)","Yes (log10)","Yes (log10)","Yes (Math.Log10)","Yes (f64::log10)","Yes (std.math.log10)","Yes (Math.log10)","Yes (log10)","Yes (log10)","Yes (log10)","Yes (math.Log10)","Yes (log10)","Yes (math.log10)","Yes (bc)","Yes (bc)","Yes (Math.Log10)","Yes (log10)","Yes (log10)","Yes (log10)","Yes (scala.math.log10)","Yes (Math.log10)","Yes (Math.Log10)","Yes (log10)","Yes (log10)","Yes (Math.Log10)","Yes (log10)","Yes (log10)","Yes (math:log10)","Yes (math:log10)","No","Yes (LOG10)","Yes (log10)","Yes (log10)","Yes (log10)","Yes (log10)","Yes (log10)","Yes (LOG10)","Yes (Math.log10)","Yes (Log10)","Yes (log10)","Yes (log10)","Yes (Math.log10)","No","No","No","No","Yes (math.log10)","Yes (log10)","Yes (log10)","Yes (LOG10)","Yes (LOG10)","Yes (LOG10)","Yes (log10)","Yes (LOG10)","Yes (LOG10)","Yes (log10)","Yes (log10)","Yes (log10)","Yes (log10)","Yes (log10)","Yes (Math.log10)","Yes (log10)","Yes (log10)","Yes (log10)","Yes (log10)","Yes (log10)","Yes (log10)","Yes (Math.log10)","Yes (log10)","Yes (LOG10)","No","Yes (log10)","Yes (log10)","Yes (log10)","Yes (log10)","Yes (log10)","Yes (log10)","Yes (log10)","Yes (log10)","Yes (log10)","Yes (LOG10)","Yes (LOG10)","Yes (log10)","Yes (log10)","Yes (log10)","Yes (log10)","Yes (log10)","Yes (log10)","Yes (log10)","Yes (log10)","Yes (log10)","Yes (MathLog10)","Yes (MathLog10)","Yes (log10)","Yes (LOG10)","Yes (log10)","Yes (log10)","Yes (log10)","Yes (log10)","Yes (log10)","Yes (log10)","Yes (log10)","Yes (log10)","Yes (log10)","\\log_{10}","Base-10 logarithm"
"abs","Yes (abs)","Yes (Math.abs)","Yes (Math.abs)","Yes (Math.abs)","Yes (abs)","Yes (abs)","Yes (Math.Abs)","Yes (f64::abs)","Yes (std.math.abs)","Yes (abs)","Yes (abs)","Yes (abs)","Yes (abs)","Yes (math.Abs)","Yes (abs)","Yes (math.abs)","Yes (bc)","Yes (bc)","Yes (Math.Abs)","Yes (abs)","Yes (abs)","Yes (abs)","Yes (scala.math.abs)","Yes (Math.abs)","Yes (Math.Abs)","Yes (abs)","Yes (abs)","Yes (Math.Abs)","Yes (abs)","Yes (abs)","Yes (math:abs)","Yes (math:abs)","No","Yes (ABS)","Yes (abs)","Yes (abs)","Yes (abs)","Yes (abs)","Yes (abs)","Yes (ABS)","Yes (Math.abs)","Yes (Abs)","Yes (abs)","Yes (abs)","Yes (Math.abs)","No","No","No","No","Yes (math.abs)","Yes (abs)","Yes (abs)","Yes (ABS)","Yes (ABS)","Yes (ABS)","Yes (abs)","Yes (ABS)","Yes (ABS)","Yes (abs)","Yes (abs)","Yes (abs)","Yes (abs)","Yes (abs)","Yes (Math.abs)","Yes (abs)","Yes (abs)","Yes (abs)","Yes (abs)","Yes (abs)","Yes (abs)","Yes (Math.abs)","Yes (abs)","Yes (ABS)","No","Yes (abs)","Yes (abs)","Yes (abs)","Yes (abs)","Yes (abs)","Yes (abs)","Yes (abs)","Yes (abs)","Yes (abs)","Yes (ABS)","Yes (ABS)","Yes (abs)","Yes (abs)","Yes (abs)","Yes (abs)","Yes (abs)","Yes (abs)","Yes (abs)","Yes (abs)","Yes (abs)","Yes (MathAbs)","Yes (MathAbs)","Yes (abs)","Yes (ABS)","Yes (abs)","Yes (abs)","Yes (abs)","Yes (abs)","Yes (abs)","Yes (abs)","Yes (abs)","Yes (abs)","Yes (abs)","\\left| \\right|","Absolute value"
"asin","Yes (math.asin)","Yes (Math.asin)","Yes (Math.asin)","Yes (Math.asin)","Yes (asin)","Yes (asin)","Yes (Math.Asin)","Yes (f64::asin)","Yes (std.math.asin)","Yes (Math.asin)","Yes (asin)","Yes (asin)","Yes (asin)","Yes (math.Asin)","Yes (asin)","Yes (math.asin)","Yes (bc)","Yes (bc)","Yes (Math.Asin)","Yes (asin)","Yes (asin)","Yes (asin)","Yes (scala.math.asin)","Yes (Math.asin)","Yes (Math.Asin)","Yes (asin)","Yes (asin)","Yes (Math.Asin)","Yes (asin)","Yes (asin)","Yes (math:asin)","Yes (math:asin)","No","Yes (ASIN)","Yes (asin)","Yes (asin)","Yes (asin)","Yes (asin)","Yes (asin)","Yes (ASIN)","Yes (Math.asin)","Yes (Asin)","Yes (asin)","Yes (asin)","Yes (Math.asin)","No","No","No","No","Yes (math.asin)","Yes (asin)","Yes (asin)","Yes (ASIN)","Yes (ASIN)","Yes (ASIN)","Yes (asin)","Yes (ASIN)","Yes (ASIN)","Yes (asin)","Yes (asin)","Yes (asin)","Yes (asin)","Yes (asin)","Yes (Math.asin)","Yes (asin)","Yes (asin)","Yes (asin)","Yes (asin)","Yes (asin)","Yes (asin)","Yes (Math.asin)","Yes (asin)","Yes (ASIN)","No","Yes (asin)","Yes (asin)","Yes (asin)","Yes (asin)","Yes (asin)","Yes (asin)","Yes (asin)","Yes (asin)","Yes (asin)","Yes (ASN)","Yes (ASN)","Yes (asin)","Yes (asin)","Yes (asin)","Yes (asin)","Yes (asin)","Yes (asin)","Yes (asin)","Yes (asin)","Yes (asin)","Yes (MathAsin)","Yes (MathAsin)","Yes (asin)","Yes (ASIN)","Yes (asin)","Yes (asin)","Yes (asin)","Yes (asin)","Yes (asin)","Yes (asin)","Yes (asin)","Yes (asin)","Yes (asin)","\\arcsin","Arcsine"
"acos","Yes (math.acos)","Yes (Math.acos)","Yes (Math.acos)","Yes (Math.acos)","Yes (acos)","Yes (acos)","Yes (Math.Acos)","Yes (f64::acos)","Yes (std.math.acos)","Yes (Math.acos)","Yes (acos)","Yes (acos)","Yes (acos)","Yes (math.Acos)","Yes (acos)","Yes (math.acos)","Yes (bc)","Yes (bc)","Yes (Math.Acos)","Yes (acos)","Yes (acos)","Yes (acos)","Yes (scala.math.acos)","Yes (Math.acos)","Yes (Math.Acos)","Yes (acos)","Yes (acos)","Yes (Math.Acos)","Yes (acos)","Yes (acos)","Yes (math:acos)","Yes (math:acos)","No","Yes (ACOS)","Yes (acos)","Yes (acos)","Yes (acos)","Yes (acos)","Yes (acos)","Yes (ACOS)","Yes (Math.acos)","Yes (Acos)","Yes (acos)","Yes (acos)","Yes (Math.acos)","No","No","No","No","Yes (math.acos)","Yes (acos)","Yes (acos)","Yes (ACOS)","Yes (ACOS)","Yes (ACOS)","Yes (acos)","Yes (ACOS)","Yes (ACOS)","Yes (acos)","Yes (acos)","Yes (acos)","Yes (acos)","Yes (acos)","Yes (Math.acos)","Yes (acos)","Yes (acos)","Yes (acos)","Yes (acos)","Yes (acos)","Yes (acos)","Yes (Math.acos)","Yes (acos)","Yes (ACOS)","No","Yes (acos)","Yes (acos)","Yes (acos)","Yes (acos)","Yes (acos)","Yes (acos)","Yes (acos)","Yes (acos)","Yes (acos)","Yes (ACS)","Yes (ACS)","Yes (acos)","Yes (acos)","Yes (acos)","Yes (acos)","Yes (acos)","Yes (acos)","Yes (acos)","Yes (acos)","Yes (acos)","Yes (MathAcos)","Yes (MathAcos)","Yes (acos)","Yes (ACOS)","Yes (acos)","Yes (acos)","Yes (acos)","Yes (acos)","Yes (acos)","Yes (acos)","Yes (acos)","Yes (acos)","Yes (acos)","\\arccos","Arccosine"
"atan","Yes (math.atan)","Yes (Math.atan)","Yes (Math.atan)","Yes (Math.atan)","Yes (atan)","Yes (atan)","Yes (Math.Atan)","Yes (f64::atan)","Yes (std.math.atan)","Yes (Math.atan)","Yes (atan)","Yes (atan)","Yes (atan)","Yes (math.Atan)","Yes (atan)","Yes (math.atan)","Yes (bc)","Yes (bc)","Yes (Math.Atan)","Yes (atan)","Yes (atan)","Yes (atan)","Yes (scala.math.atan)","Yes (Math.atan)","Yes (Math.Atan)","Yes (atan)","Yes (atan)","Yes (Math.Atan)","Yes (atan)","Yes (atan)","Yes (math:atan)","Yes (math:atan)","No","Yes (ATAN)","Yes (atan)","Yes (atan)","Yes (atan)","Yes (atan)","Yes (atan)","Yes (ATAN)","Yes (Math.atan)","Yes (Atan)","Yes (atan)","Yes (atan)","Yes (Math.atan)","No","No","No","No","Yes (math.atan)","Yes (atan)","Yes (atan)","Yes (ATAN)","Yes (ATAN)","Yes (ATAN)","Yes (atan)","Yes (ATAN)","Yes (ATAN)","Yes (atan)","Yes (atan)","Yes (atan)","Yes (atan)","Yes (atan)","Yes (Math.atan)","Yes (atan)","Yes (atan)","Yes (atan)","Yes (atan)","Yes (atan)","Yes (atan)","Yes (Math.atan)","Yes (atan)","Yes (ATAN)","No","Yes (atan)","Yes (atan)","Yes (atan)","Yes (atan)","Yes (atan)","Yes (atan)","Yes (atan)","Yes (atan)","Yes (atan)","Yes (ATN)","Yes (ATN)","Yes (atan)","Yes (atan)","Yes (atan)","Yes (atan)","Yes (atan)","Yes (atan)","Yes (atan)","Yes (atan)","Yes (atan)","Yes (MathAtan)","Yes (MathAtan)","Yes (atan)","Yes (ATAN)","Yes (atan)","Yes (atan)","Yes (atan)","Yes (atan)","Yes (atan)","Yes (atan)","Yes (atan)","Yes (atan)","Yes (atan)","\\arctan","Arctangent"
"sinh","Yes (math.sinh)","Yes (Math.sinh)","Yes (Math.sinh)","Yes (Math.sinh)","Yes (sinh)","Yes (sinh)","Yes (Math.Sinh)","Yes (f64::sinh)","Yes (std.math.sinh)","Yes (Math.sinh)","Yes (sinh)","Yes (sinh)","Yes (sinh)","Yes (math.Sinh)","Yes (sinh)","Yes (math.sinh)","Yes (bc)","Yes (bc)","Yes (Math.Sinh)","Yes (sinh)","Yes (sinh)","Yes (sinh)","Yes (scala.math.sinh)","Yes (Math.sinh)","Yes (Math.Sinh)","Yes (sinh)","Yes (sinh)","Yes (Math.Sinh)","Yes (sinh)","Yes (sinh)","Yes (math:sinh)","Yes (math:sinh)","No","No","Yes (sinh)","Yes (sinh)","Yes (sinh)","Yes (sinh)","Yes (sinh)","No","Yes (Math.sinh)","Yes (Sinh)","Yes (sinh)","Yes (sinh)","Yes (Math.sinh)","No","No","No","No","Yes (math.sinh)","Yes (sinh)","Yes (sinh)","No","No","No","Yes (sinh)","No","No","Yes (sinh)","Yes (sinh)","Yes (sinh)","Yes (sinh)","Yes (sinh)","Yes (Math.sinh)","Yes (sinh)","Yes (sinh)","Yes (sinh)","Yes (sinh)","Yes (sinh)","Yes (sinh)","Yes (Math.sinh)","Yes (sinh)","No","No","Yes (sinh)","Yes (sinh)","Yes (sinh)","Yes (sinh)","Yes (sinh)","Yes (sinh)","Yes (sinh)","Yes (sinh)","Yes (sinh)","No","No","Yes (sinh)","Yes (sinh)","Yes (sinh)","Yes (sinh)","Yes (sinh)","Yes (sinh)","Yes (sinh)","Yes (sinh)","Yes (sinh)","Yes (MathSinh)","Yes (MathSinh)","Yes (sinh)","Yes (SINH)","Yes (sinh)","Yes (sinh)","Yes (sinh)","Yes (sinh)","Yes (sinh)","Yes (sinh)","Yes (sinh)","Yes (sinh)","Yes (sinh)","\\sinh","Hyperbolic sine"
"cosh","Yes (math.cosh)","Yes (Math.cosh)","Yes (Math.cosh)","Yes (Math.cosh)","Yes (cosh)","Yes (cosh)","Yes (Math.Cosh)","Yes (f64::cosh)","Yes (std.math.cosh)","Yes (Math.cosh)","Yes (cosh)","Yes (cosh)","Yes (cosh)","Yes (math.Cosh)","Yes (cosh)","Yes (math.cosh)","Yes (bc)","Yes (bc)","Yes (Math.Cosh)","Yes (cosh)","Yes (cosh)","Yes (cosh)","Yes (scala.math.cosh)","Yes (Math.cosh)","Yes (Math.Cosh)","Yes (cosh)","Yes (cosh)","Yes (Math.Cosh)","Yes (cosh)","Yes (cosh)","Yes (math:cosh)","Yes (math:cosh)","No","No","Yes (cosh)","Yes (cosh)","Yes (cosh)","Yes (cosh)","Yes (cosh)","No","Yes (Math.cosh)","Yes (Cosh)","Yes (cosh)","Yes (cosh)","Yes (Math.cosh)","No","No","No","No","Yes (math.cosh)","Yes (cosh)","Yes (cosh)","No","No","No","Yes (cosh)","No","No","Yes (cosh)","Yes (cosh)","Yes (cosh)","Yes (cosh)","Yes (cosh)","Yes (Math.cosh)","Yes (cosh)","Yes (cosh)","Yes (cosh)","Yes (cosh)","Yes (cosh)","Yes (cosh)","Yes (Math.cosh)","Yes (cosh)","No","No","Yes (cosh)","Yes (cosh)","Yes (cosh)","Yes (cosh)","Yes (cosh)","Yes (cosh)","Yes (cosh)","Yes (cosh)","Yes (cosh)","No","No","Yes (cosh)","Yes (cosh)","Yes (cosh)","Yes (cosh)","Yes (cosh)","Yes (cosh)","Yes (cosh)","Yes (cosh)","Yes (cosh)","Yes (MathCosh)","Yes (MathCosh)","Yes (cosh)","Yes (COSH)","Yes (cosh)","Yes (cosh)","Yes (cosh)","Yes (cosh)","Yes (cosh)","Yes (cosh)","Yes (cosh)","Yes (cosh)","Yes (cosh)","\\cosh","Hyperbolic cosine"
"tanh","Yes (math.tanh)","Yes (Math.tanh)","Yes (Math.tanh)","Yes (Math.tanh)","Yes (tanh)","Yes (tanh)","Yes (Math.Tanh)","Yes (f64::tanh)","Yes (std.math.tanh)","Yes (Math.tanh)","Yes (tanh)","Yes (tanh)","Yes (tanh)","Yes (math.Tanh)","Yes (tanh)","Yes (math.tanh)","Yes (bc)","Yes (bc)","Yes (Math.Tanh)","Yes (tanh)","Yes (tanh)","Yes (tanh)","Yes (scala.math.tanh)","Yes (Math.tanh)","Yes (Math.Tanh)","Yes (tanh)","Yes (tanh)","Yes (Math.Tanh)","Yes (tanh)","Yes (tanh)","Yes (math:tanh)","Yes (math:tanh)","No","No","Yes (tanh)","Yes (tanh)","Yes (tanh)","Yes (tanh)","Yes (tanh)","No","Yes (Math.tanh)","Yes (Tanh)","Yes (tanh)","Yes (tanh)","Yes (Math.tanh)","No","No","No","No","Yes (math.tanh)","Yes (tanh)","Yes (tanh)","No","No","No","Yes (tanh)","No","No","Yes (tanh)","Yes (tanh)","Yes (tanh)","Yes (tanh)","Yes (tanh)","Yes (Math.tanh)","Yes (tanh)","Yes (tanh)","Yes (tanh)","Yes (tanh)","Yes (tanh)","Yes (tanh)","Yes (Math.tanh)","Yes (tanh)","No","No","Yes (tanh)","Yes (tanh)","Yes (tanh)","Yes (tanh)","Yes (tanh)","Yes (tanh)","Yes (tanh)","Yes (tanh)","Yes (tanh)","No","No","Yes (tanh)","Yes (tanh)","Yes (tanh)","Yes (tanh)","Yes (tanh)","Yes (tanh)","Yes (tanh)","Yes (tanh)","Yes (tanh)","Yes (MathTanh)","Yes (MathTanh)","Yes (tanh)","Yes (TANH)","Yes (tanh)","Yes (tanh)","Yes (tanh)","Yes (tanh)","Yes (tanh)","Yes (tanh)","Yes (tanh)","Yes (tanh)","Yes (tanh)","\\tanh","Hyperbolic tangent"
"ceil","Yes (math.ceil)","Yes (Math.ceil)","Yes (Math.ceil)","Yes (Math.ceil)","Yes (ceil)","Yes (ceil)","Yes (Math.Ceiling)","Yes (f64::ceil)","Yes (std.math.ceil)","Yes (Math.ceil)","Yes (ceil)","Yes (ceil)","Yes (ceil)","Yes (math.Ceil)","Yes (ceil)","Yes (math.ceil)","Yes (bc)","Yes (bc)","Yes (Math.Ceiling)","Yes (ceiling)","Yes (ceil)","Yes (ceil)","Yes (scala.math.ceil)","Yes (Math.ceil)","Yes (Math.Ceiling)","Yes (ceil)","Yes (ceil)","Yes (Math.Ceiling)","Yes (ceiling)","Yes (ceiling)","Yes (math:ceil)","Yes (math:ceil)","No","No","Yes (ceil)","Yes (ceil)","Yes (ceil)","Yes (ceil)","Yes (ceil)","No","Yes (Math.ceil)","Yes (Ceiling)","Yes (ceil)","Yes (ceil)","Yes (Math.ceil)","No","No","No","No","Yes (math.ceil)","Yes (ceil)","Yes (ceil)","No","No","No","Yes (ceil)","No","No","Yes (ceil)","Yes (ceil)","Yes (ceil)","Yes (ceil)","Yes (ceil)","Yes (Math.ceil)","Yes (ceil)","Yes (ceil)","Yes (ceil)","Yes (ceil)","Yes (ceil)","Yes (ceil)","Yes (Math.ceil)","Yes (ceil)","Yes (CEILING)","No","Yes (ceil)","Yes (ceil)","Yes (ceil)","Yes (ceil)","Yes (ceil)","Yes (ceil)","Yes (ceil)","Yes (ceil)","Yes (ceil)","No","No","Yes (ceil)","Yes (ceil)","Yes (ceil)","Yes (ceil)","Yes (ceil)","Yes (ceil)","Yes (ceil)","Yes (ceil)","Yes (ceil)","Yes (MathCeil)","Yes (MathCeil)","Yes (ceil)","Yes (CEILING)","Yes (ceil)","Yes (ceil)","Yes (ceil)","Yes (ceil)","Yes (ceil)","Yes (ceil)","Yes (ceil)","Yes (ceil)","Yes (ceil)","\\lceil \\rceil","Ceiling function"
"floor","Yes (math.floor)","Yes (Math.floor)","Yes (Math.floor)","Yes (Math.floor)","Yes (floor)","Yes (floor)","Yes (Math.Floor)","Yes (f64::floor)","Yes (std.math.floor)","Yes (Math.floor)","Yes (floor)","Yes (floor)","Yes (floor)","Yes (math.Floor)","Yes (floor)","Yes (math.floor)","Yes (bc)","Yes (bc)","Yes (Math.Floor)","Yes (floor)","Yes (floor)","Yes (floor)","Yes (scala.math.floor)","Yes (Math.floor)","Yes (Math.Floor)","Yes (floor)","Yes (floor)","Yes (Math.Floor)","Yes (floor)","Yes (floor)","Yes (math:floor)","Yes (math:floor)","No","No","Yes (floor)","Yes (floor)","Yes (floor)","Yes (floor)","Yes (floor)","No","Yes (Math.floor)","Yes (Floor)","Yes (floor)","Yes (floor)","Yes (Math.floor)","No","No","No","No","Yes (math.floor)","Yes (floor)","Yes (floor)","No","No","No","Yes (floor)","No","No","Yes (floor)","Yes (floor)","Yes (floor)","Yes (floor)","Yes (floor)","Yes (Math.floor)","Yes (floor)","Yes (floor)","Yes (floor)","Yes (floor)","Yes (floor)","Yes (floor)","Yes (Math.floor)","Yes (floor)","Yes (FLOOR)","No","Yes (floor)","Yes (floor)","Yes (floor)","Yes (floor)","Yes (floor)","Yes (floor)","Yes (floor)","Yes (floor)","Yes (floor)","No","No","Yes (floor)","Yes (floor)","Yes (floor)","Yes (floor)","Yes (floor)","Yes (floor)","Yes (floor)","Yes (floor)","Yes (floor)","Yes (MathFloor)","Yes (MathFloor)","Yes (floor)","Yes (FLOOR)","Yes (floor)","Yes (floor)","Yes (floor)","Yes (floor)","Yes (floor)","Yes (floor)","Yes (floor)","Yes (floor)","Yes (floor)","\\lfloor \\rfloor","Floor function"
"round","Yes (round)","Yes (Math.round)","Yes (Math.round)","Yes (Math.round)","No","No","Yes (Math.Round)","Yes (f64::round)","Yes (std.math.round)","Yes (round)","Yes (round)","Yes (round)","Yes (round)","Yes (math.Round)","Yes (round)","Yes (math.round)","Yes (bc)","Yes (bc)","Yes (Math.Round)","Yes (round)","No","Yes (round)","Yes (scala.math.round)","Yes (Math.round)","Yes (Math.Round)","Yes (round)","Yes (round)","Yes (Math.Round)","Yes (round)","Yes (round)","Yes (math:round)","Yes (math:round)","No","No","Yes (round)","Yes (round)","Yes (round)","Yes (round)","Yes (round)","No","Yes (Math.round)","Yes (Round)","Yes (round)","Yes (round)","Yes (Math.round)","No","No","No","No","Yes (math.round)","Yes (round)","Yes (round)","No","No","No","Yes (round)","No","No","Yes (round)","Yes (round)","Yes (round)","Yes (round)","Yes (round)","Yes (Math.round)","Yes (round)","Yes (round)","Yes (round)","Yes (round)","Yes (round)","Yes (round)","Yes (Math.round)","Yes (round)","Yes (ROUND)","No","Yes (round)","Yes (round)","Yes (round)","Yes (round)","Yes (round)","Yes (round)","Yes (round)","Yes (round)","Yes (round)","Yes (INT)","Yes (INT)","Yes (round)","Yes (round)","Yes (round)","Yes (round)","Yes (round)","Yes (round)","Yes (round)","Yes (round)","Yes (round)","Yes (MathRound)","Yes (MathRound)","Yes (round)","Yes (ROUND)","Yes (round)","Yes (round)","Yes (round)","Yes (round)","Yes (round)","Yes (round)","Yes (round)","Yes (round)","Yes (round)","\\approx","Rounding function"
"pow","Yes (math.pow)","Yes (Math.pow)","Yes (Math.pow)","Yes (Math.pow)","Yes (pow)","Yes (pow)","Yes (Math.Pow)","Yes (f64::powf)","Yes (std.math.pow)","Yes (Math.pow)","Yes (pow)","Yes (pow)","Yes (pow)","Yes (math.Pow)","Yes (**)","Yes (math.pow)","Yes (bc)","Yes (bc)","Yes (Math.Pow)","No","Yes (pow)","Yes (pow)","Yes (scala.math.pow)","Yes (Math.pow)","Yes (Math.Pow)","Yes (power)","Yes (^)","Yes (Math.Pow)","No","Yes (^)","Yes (math:pow)","Yes (math:pow)","No","Yes (**)","Yes (power)","Yes (power)","Yes (power)","Yes (power)","Yes (pow)","No","Yes (Math.pow)","Yes (Math.Pow)","Yes (pow)","Yes (pow)","Yes (Math.pow)","No","No","No","No","Yes (math.pow)","Yes (pow)","Yes (pow)","Yes (**)","Yes (**)","Yes (**)","Yes (pow)","No","No","Yes (pow)","Yes (pow)","Yes (power)","Yes (pow)","Yes (pow)","Yes (Math.pow)","Yes (power)","Yes (power)","Yes (power)","Yes (power)","Yes (pow)","Yes (pow)","Yes (Math.pow)","Yes (pow)","Yes (POWER)","No","Yes (power)","Yes (pow)","Yes (power)","Yes (power)","Yes (power)","Yes (power)","Yes (power)","Yes (power)","Yes (power)","Yes (power)","Yes (power)","Yes (power)","Yes (power)","Yes (pow)","Yes (pow)","Yes (pow)","Yes (pow)","Yes (pow)","Yes (pow)","Yes (pow)","Yes (MathPow)","Yes (MathPow)","Yes (pow)","Yes (POWER)","Yes (pow)","Yes (pow)","Yes (expt)","Yes (pow)","Yes (pow)","Yes (pow)","Yes (pow)","Yes (pow)","Yes (pow)","\\pow","Power function"
"min","Yes (min)","Yes (Math.min)","Yes (Math.min)","Yes (Math.min)","No","No","Yes (Math.Min)","Yes (f64::min)","Yes (std.math.min)","Yes (min)","Yes (min)","Yes (min)","Yes (min)","Yes (math.Min)","Yes (min)","Yes (math.min)","No","No","Yes (Math.Min)","Yes (min)","No","Yes (min)","Yes (scala.math.min)","Yes (Math.min)","Yes (Math.Min)","Yes (min)","Yes (min)","Yes (Math.Min)","Yes (min)","Yes (min)","No","No","No","No","Yes (min)","Yes (min)","Yes (min)","Yes (min)","Yes (min)","No","Yes (Math.min)","Yes (Math.Min)","Yes (min)","Yes (min)","Yes (Math.min)","No","No","No","No","Yes (math.min)","Yes (min)","Yes (min)","No","No","No","Yes (min)","No","No","Yes (min)","Yes (min)","Yes (min)","Yes (min)","Yes (min)","Yes (Math.min)","Yes (min)","Yes (min)","Yes (min)","Yes (min)","Yes (min)","Yes (min)","Yes (Math.min)","Yes (min)","Yes (MIN)","No","Yes (min)","Yes (min)","Yes (min)","Yes (min)","Yes (min)","Yes (min)","Yes (min)","Yes (min)","Yes (min)","Yes (MIN)","Yes (MIN)","Yes (min)","Yes (min)","Yes (min)","Yes (min)","Yes (min)","Yes (min)","Yes (min)","Yes (min)","Yes (min)","Yes (MathMin)","Yes (MathMin)","Yes (min)","Yes (MIN)","Yes (min)","Yes (min)","Yes (min)","Yes (min)","Yes (min)","Yes (min)","Yes (min)","Yes (min)","Yes (min)","\\min","Minimum function"
"max","Yes (max)","Yes (Math.max)","Yes (Math.max)","Yes (Math.max)","No","No","Yes (Math.Max)","Yes (f64::max)","Yes (std.math.max)","Yes (max)","Yes (max)","Yes (max)","Yes (max)","Yes (math.Max)","Yes (max)","Yes (math.max)","No","No","Yes (Math.Max)","Yes (max)","No","Yes (max)","Yes (scala.math.max)","Yes (Math.max)","Yes (Math.Max)","Yes (max)","Yes (max)","Yes (Math.Max)","Yes (max)","Yes (max)","No","No","No","No","Yes (max)","Yes (max)","Yes (max)","Yes (max)","Yes (max)","No","Yes (Math.max)","Yes (Math.Max)","Yes (max)","Yes (max)","Yes (Math.max)","No","No","No","No","Yes (math.max)","Yes (max)","Yes (max)","No","No","No","Yes (max)","No","No","Yes (max)","Yes (max)","Yes (max)","Yes (max)","Yes (max)","Yes (Math.max)","Yes (max)","Yes (max)","Yes (max)","Yes (max)","Yes (max)","Yes (max)","Yes (Math.max)","Yes (max)","Yes (MAX)","No","Yes (max)","Yes (max)","Yes (max)","Yes (max)","Yes (max)","Yes (max)","Yes (max)","Yes (max)","Yes (max)","Yes (MAX)","Yes (MAX)","Yes (max)","Yes (max)","Yes (max)","Yes (max)","Yes (max)","Yes (max)","Yes (max)","Yes (max)","Yes (max)","Yes (MathMax)","Yes (MathMax)","Yes (max)","Yes (MAX)","Yes (max)","Yes (max)","Yes (max)","Yes (max)","Yes (max)","Yes (max)","Yes (max)","Yes (max)","Yes (max)","\\max","Maximum function"
"","Yes (math.pi)","Yes (Math.PI)","Yes (Math.PI)","Yes (Math.PI)","No","No","Yes (Math.PI)","Yes (f64::consts::PI)","Yes (std.math.pi)","Yes (Math::PI)","Yes (M_PI)","Yes (Double.pi)","Yes (PI)","Yes (math.Pi)","Yes (pi)","Yes (math.pi)","Yes (bc)","Yes (bc)","Yes (System.Math.PI)","Yes (pi)","Yes (M_PI)","Yes (math.pi)","Yes (scala.math.Pi)","Yes (Math.PI)","Yes (Math.PI)","Yes (pi)","Yes (pi)","Yes (Math.PI)","Yes (pi)","Yes (pi)","Yes (math:pi)","Yes (math:pi)","No","No","Yes (pi)","Yes (pi)","Yes (pi)","Yes (pi)","Yes (pi)","No","Yes (Math.PI)","No","Yes (pi)","Yes (pi)","Yes (Math.PI)","No","No","No","No","Yes (math.pi)","Yes (pi)","Yes (pi)","No","No","No","Yes (pi)","No","No","Yes (pi)","Yes (pi)","Yes (pi)","Yes (pi)","Yes (pi)","Yes (Math.PI)","Yes (pi)","Yes (pi)","Yes (pi)","Yes (pi)","Yes (pi)","Yes (pi)","Yes (Math.PI)","Yes (pi)","Yes (PI)","No","Yes (pi)","Yes (pi)","Yes (pi)","Yes (pi)","Yes (pi)","Yes (pi)","Yes (pi)","Yes (pi)","Yes (pi)","Yes (pi)","Yes (pi)","Yes (pi)","Yes (pi)","Yes (pi)","Yes (pi)","Yes (pi)","Yes (pi)","Yes (pi)","Yes (pi)","Yes (pi)","Yes (M_PI)","Yes (M_PI)","Yes (pi)","Yes (PI)","Yes (pi)","Yes (pi)","Yes (pi)","Yes (pi)","Yes (pi)","Yes (pi)","Yes (pi)","Yes (pi)","Yes (pi)","\\pi","Mathematical constant Pi"
"","No","No","No","No","No","No","No","No","No","No","No","No","No","No","No","No","No","No","No","Yes (sum)","No","No","Yes (sum)","No","No","Yes (sum)","Yes (sum)","No","No","No","No","No","No","No","No","No","No","No","No","No","No","No","No","No","No","No","No","No","No","Yes (sum)","No","No","No","No","No","No","No","No","No","No","Yes (sum)","Yes (sum)","Yes (sum)","No","No","No","Yes (sum)","No","No","No","No","No","No","No","Yes (sum)","No","No","No","Yes (sum)","No","No","No","No","No","No","No","No","No","No","No","No","No","No","No","No","No","No","No","No","Yes (sum)","Yes (sum)","No","No","Yes (sum)","No","No","No","\\sum","Summation"
"","No","No","No","No","No","No","No","No","No","No","No","No","No","No","No","No","No","No","No","No","No","No","No","No","No","Yes (int)","Yes (integrate)","No","No","No","No","No","No","No","No","No","No","No","No","No","No","No","No","No","No","No","No","No","No","No","No","No","No","No","No","No","No","No","No","No","No","No","No","No","No","No","No","No","No","No","No","No","No","No","No","No","No","No","No","No","No","No","No","No","No","No","No","No","No","No","No","No","No","No","No","No","No","No","No","No","No","No","No","No","No","No","No","\\int","Integral"
"","Yes (math.inf)","Yes (Infinity)","Yes (Infinity)","Yes (Double.POSITIVE_INFINITY)","No","No","Yes (Double.PositiveInfinity)","Yes (f64::INFINITY)","Yes (std.math.inf)","Yes (Float::INFINITY)","Yes (INF)","Yes (Double.infinity)","Yes (Double.POSITIVE_INFINITY)","Yes (math.Inf)","Yes (inf)","Yes (math.huge)","No","No","Yes (Double.MaxValue)","Yes (Inf)","No","Yes (double.infinity)","Yes (Double.PositiveInfinity)","Yes (Infinity)","Yes (Double.MaxValue)","Yes (inf)","Yes (Inf)","Yes (Double.PositiveInfinity)","Yes (1/0)","Yes (1/0)","Yes (infinity)","Yes (infinity)","No","No","No","No","No","No","Yes (infinity)","No","Yes (Infinity)","No","Yes (infinity)","Yes (infinity)","Yes (Double.POSITIVE_INFINITY)","No","No","No","No","Yes (Inf)","No","Yes (inf)","No","No","No","No","No","No","No","No","Yes (infinity)","Yes (infinity)","Yes (infinity)","Yes (Infinity)","Yes (infinity)","Yes (infinity)","Yes (infinity)","Yes (infinity)","Yes (infinity)","Yes (infinity)","Yes (Infinity)","Yes (infinity)","Yes (1.0/0.0)","No","Yes (inf)","Yes (infinity)","Yes (infinity)","Yes (infinity)","Yes (infinity)","Yes (infinity)","Yes (infinity)","Yes (infinity)","Yes (infinity)","No","No","Yes (infinity)","Yes (infinity)","Yes (infinity)","Yes (inf)","Yes (inf)","Yes (inf)","Yes (infinity)","Yes (infinity)","Yes (infinity)","Yes (INFINITY)","Yes (INFINITY)","Yes (infinity)","Yes (1.0/0.0)","Yes (infinity)","Yes (inf)","Yes (1/0)","Yes (inf)","Yes (2**256-1)","Yes (inf)","Yes (infinity)","Yes (infinity)","Yes (infinity)","\\infty","Infinity"
